case_id,roll_deg,pitch_deg,payload,e_track_max_m,e_track_rms_m,settling_time_s,note
level,0.0,0.0,none,,,,
level,0.0,0.0,spent_bed,,,,
static_port,15.0,0.0,none,,,,
static_port,15.0,0.0,spent_bed,,,,
static_stbd,-15.0,0.0,none,,,,
static_stbd,-15.0,0.0,spent_bed,,,,
dyn_pp,22.5,7.5,none,,,,
dyn_pp,22.5,7.5,spent_bed,,,,
dyn_pm,22.5,-7.5,none,,,,
dyn_pm,22.5,-7.5,spent_bed,,,,
dyn_mp,-22.5,7.5,none,,,,
dyn_mp,-22.5,7.5,spent_bed,,,,
dyn_mm,-22.5,-7.5,none,,,,
dyn_mm,-22.5,-7.5,spent_bed,,,,
